1,http://acus.gov
2,http://clerk.house.gov
3,http://dra.gov
4,http://endangered.fws.gov
5,http://fedstats.sites.usa.gov
6,http://icollege.ndu.edu
7,http://jfsc.ndu.edu
8,http://lcweb.loc.gov/flicc
9,http://lsc.gov
10,http://nicic.gov
11,http://npic.orst.edu
12,http://oceanservice.noaa.gov
13,http://ofr.gov
14,http://otexa.trade.gov/cita_otexa.htm
15,http://science.energy.gov
16,http://stats.bls.gov
17,http://trade.gov/index.asp
18,http://travel.state.gov
19,http://www.abilityone.gov
20,http://www.abmc.gov
21,http://www.access-board.gov
22,http://www.acf.hhs.gov
23,http://www.acf.hhs.gov/programs/ana
24,http://www.acf.hhs.gov/programs/cse
25,http://www.acf.hhs.gov/programs/orr
26,http://www.achp.gov
27,http://www.acl.gov
28,http://www.act.org/goldwater
29,http://www.adr.gov/index.html
30,http://www.af.mil
31,http://www.afrc.af.mil
32,http://www.afrh.gov
33,http://www.ahrq.gov
34,http://www.alhurra.com
35,http://www.americorps.gov
36,http://www.ams.usda.gov
37,http://www.amtrak.com
38,http://www.aoc.gov
39,http://www.aphis.usda.gov
40,http://www.aphis.usda.gov/mrpbs
41,http://www.arc.gov
42,http://www.archives.gov/index.html
43,http://www.arctic.gov
44,http://www.army.mil
45,http://www.ars.usda.gov
46,http://www.arts.gov
47,http://www.atf.gov
48,http://www.atsdr.cdc.gov
49,http://www.bbg.gov
50,http://www.bea.gov
51,http://www.benefits.va.gov
52,http://www.bis.doc.gov
53,http://www.bop.gov
54,http://www.bts.gov
55,http://www.cafc.uscourts.gov
56,http://www.cao.gov
57,http://www.cbo.gov
58,http://www.cbp.gov
59,http://www.cdc.gov
60,http://www.cdc.gov/niosh
61,http://www.cem.va.gov
62,http://www.census.gov
63,http://www.centcom.mil
64,http://www.cfa.gov
65,http://www.cffc.navy.mil
66,http://www.cfo.gov
67,http://www.cftc.gov
68,http://www.chcoc.gov
69,http://www.cia.gov
70,http://www.cio.gov
71,http://www.cit.uscourts.gov
72,http://www.cms.gov
73,http://www.cnpp.usda.gov
74,http://www.commerce.gov
75,http://www.commissaries.com
76,http://www.compliance.gov
77,http://www.constitutioncenter.org
78,http://www.consumerfinance.gov
79,http://www.consumerfinance.gov/servicemembers
80,http://www.cops.usdoj.gov
81,http://www.copyright.gov
82,http://www.cpsc.gov
83,http://www.csb.gov
84,http://www.csce.gov
85,http://www.darpa.mil
86,http://www.dau.mil
87,http://www.dcaa.mil
88,http://www.defenselink.mil/specials/unifiedcommand
89,http://www.denali.gov
90,http://www.dfas.mil
91,http://www.dhs.gov
92,http://www.dhs.gov/federal-protective-service
93,http://www.dia.mil
94,http://www.disa.mil
95,http://www.dla.mil
96,http://www.dni.gov
97,http://www.doi.gov
98,http://www.dol.gov
99,http://www.dol.gov/ilab
100,http://www.dol.gov/odep
101,http://www.dol.gov/vets
102,http://www.dol.gov/wb
103,http://www.dot.gov
104,http://www.dpaa.mil/Home.aspx
105,http://www.dsca.mil
106,http://www.dss.mil
107,http://www.dtic.mil
108,http://www.dtra.mil
109,http://www.eac.gov
110,http://www.ed.gov
111,http://www.ed.gov/about/bdscomm/list/com.html#fice
112,http://www.ed.gov/about/offices/list/ies/index.html
113,http://www.ed.gov/about/offices/list/osers/index.html
114,http://www.ed.gov/about/offices/list/osers/rsa/index.html?exp=0
115,http://www.ed.gov/ocr
116,http://www.ed.gov/oese
117,http://www.ed.gov/programs/psp/commission.html?exp=0
118,http://www.eda.gov
119,http://www.eeoc.gov
120,http://www.eia.doe.gov
121,http://www.energystar.gov
122,http://www.epa.gov
123,http://www.eric.ed.gov
124,http://www.ers.usda.gov
125,http://www.esa.doc.gov
126,http://www.eucom.mil
127,http://www.faa.gov
128,http://www.fanniemae.com
129,http://www.fasab.gov
130,http://www.fbi.gov
131,http://www.fca.gov
132,http://www.fcc.gov
133,http://www.fda.gov
134,http://www.fda.gov/AboutFDA/CentersOffices/OfficeofFoods/CFSAN/default.htm
135,http://www.fdic.gov
136,http://www.feb.gov
137,http://www.fec.gov
138,http://www.federallabs.org
139,http://www.federalreserve.gov
140,http://www.fema.gov
141,http://www.ferc.gov
142,http://www.ffiec.gov
143,http://www.fgdc.gov
144,http://www.fhfa.gov
145,http://www.fhwa.dot.gov
146,http://www.fiscal.treasury.gov
147,http://www.fitness.gov
148,http://www.fjc.gov
149,http://www.fletc.gov
150,http://www.floodsmart.gov
151,http://www.flra.gov
152,http://www.fmc.gov
153,http://www.fmcs.gov
154,http://www.fmcsa.dot.gov
155,http://www.fmshrc.gov
156,http://www.fns.usda.gov
157,http://www.fra.dot.gov
158,http://www.freddiemac.com
159,http://www.frtib.gov
160,http://www.fs.fed.us
161,http://www.fs.fed.us/ficmnew/index.shtml
162,http://www.fsa.usda.gov
163,http://www.fsis.usda.gov
164,http://www.ftc.gov
165,http://www.fvap.gov
166,http://www.fws.gov
167,http://www.fws.gov/refuges/realty/mbcc.html
168,http://www.gao.gov
169,http://www.ginniemae.gov
170,http://www.gipsa.usda.gov
171,http://www.gsa.gov
172,http://www.health.gov/nhic
173,http://www.hhs.gov
174,http://www.hhs.gov/ocr
175,http://www.house.gov
176,http://www.hrsa.gov
177,http://www.huduser.org
178,http://www.iaf.gov
179,http://www.ich.gov
180,http://www.ignet.gov
181,http://www.imls.gov
182,http://www.improveirs.org
183,http://www.investor.gov
184,http://www.irs.gov
185,http://www.jamesmadison.gov
186,http://www.jcs.mil
187,http://www.jobcorps.gov
188,http://www.jpml.uscourts.gov
189,http://www.jusfc.gov
190,http://www.justice.gov/atr/index.html
191,http://www.justice.gov/elderjustice
192,http://www.justice.gov/ust
193,http://www.juvenilecouncil.gov
194,http://www.kennedy-center.org
195,http://www.loc.gov
196,http://www.loc.gov/crsinfo/about
197,http://www.macpac.gov
198,http://www.marad.dot.gov
199,http://www.martinoticias.com
200,http://www.mbda.gov
201,http://www.mcc.gov
202,http://www.medpac.gov
203,http://www.mmc.gov
204,http://www.moneyfactory.gov
205,http://www.msha.gov
206,http://www.mspb.gov
207,http://www.mvd.usace.army.mil/About/MississippiRiverCommission%28MRC%29.aspx
208,http://www.nasa.gov
209,http://www.nass.usda.gov
210,http://www.nationalguard.mil
211,http://www.nationalparks.org
212,http://www.nationalservice.gov
213,http://www.navy.mil
214,http://www.nbrc.gov
215,http://www.ncd.gov
216,http://www.ncpc.gov
217,http://www.ndu.edu
218,http://www.ndu.edu/Academics/CollegesCenters/NationalWarCollege.aspx
219,http://www.ndu.edu/Academics/CollegesCenters/TheEisenhowerSchool.aspx
220,http://www.neh.gov
221,http://www.nga.gov
222,http://www.nga.mil
223,http://www.nhtsa.dot.gov
224,http://www.nifa.usda.gov
225,http://www.nifc.gov
226,http://www.nih.gov
227,http://www.nij.gov/Pages/welcome.aspx
228,http://www.nimh.nih.gov
229,http://www.nist.gov
230,http://www.nlrb.gov
231,http://www.nmb.gov
232,http://www.nmfs.noaa.gov
233,http://www.noaa.gov
234,http://www.northcom.mil
235,http://www.nps.gov
236,http://www.nrc.gov
237,http://www.nrcs.usda.gov/wps/portal/nrcs/home
238,http://www.nro.gov
239,http://www.nsa.gov
240,http://www.nsf.gov
241,http://www.ntia.doc.gov
242,http://www.ntis.gov
243,http://www.ntsb.gov
244,http://www.nwcouncil.org
245,http://www.nws.noaa.gov
246,http://www.nwtrb.gov
247,http://www.occ.gov
248,http://www.oge.gov
249,http://www.ojjdp.gov/index.html
250,http://www.openworld.gov
251,http://www.opm.gov
252,http://www.osc.gov
253,http://www.osha.gov
254,http://www.oshrc.gov/index.html
255,http://www.osti.gov
256,http://www.pacom.mil
257,http://www.peacecorps.gov
258,http://www.pfpa.mil
259,http://www.phmsa.dot.gov
260,http://www.prc.gov
261,http://www.presidio.gov
262,http://www.rfa.org
263,http://www.rferl.org
264,http://www.rita.dot.gov
265,http://www.rma.usda.gov
266,http://www.rrb.gov
267,http://www.seaway.dot.gov
268,http://www.sec.gov
269,http://www.secretservice.gov
270,http://www.senate.gov
271,http://www.si.edu
272,http://www.sji.gov/about.php
273,http://www.socom.mil
274,http://www.southcom.mil
275,http://www.srbc.net
276,http://www.ssa.gov
277,http://www.ssab.gov
278,http://www.state.gov
279,http://www.state.gov/p
280,http://www.state.gov/r
281,http://www.state.gov/t
282,http://www.state.nj.us/drbc
283,http://www.stb.dot.gov
284,http://www.stennis.gov
285,http://www.stratcom.mil
286,http://www.supremecourtus.gov
287,http://www.treas.gov/ffb
288,http://www.treasury.gov/Pages/default.aspx
289,http://www.treasury.gov/about/organizational-structure/offices/International-Affairs/Pages/cfius-index.aspx
290,http://www.truman.gov
291,http://www.ttb.gov
292,http://www.tva.gov
293,http://www.udall.gov
294,http://www.us-cert.gov
295,http://www.usace.army.mil
296,http://www.usadf.gov/welcome
297,http://www.usaid.gov
298,http://www.usbg.gov
299,http://www.usccr.gov
300,http://www.uscfc.uscourts.gov
301,http://www.uscirf.gov
302,http://www.uscis.gov
303,http://www.uscourts.cavc.gov
304,http://www.uscourts.gov
305,http://www.uscourts.gov/about-federal-courts
306,http://www.uscourts.gov/services-forms/bankruptcy
307,http://www.usda.gov/wps/portal/usda/usdahome
308,http://www.usdoj.gov
309,http://www.usdoj.gov/eoir
310,http://www.usdoj.gov/fcsc
311,http://www.usdoj.gov/marshals
312,http://www.usdoj.gov/pardon/index.html
313,http://www.usdoj.gov/usncb
314,http://www.usdoj.gov/uspc
315,http://www.usgs.gov
316,http://www.ushmm.org
317,http://www.usip.org
318,http://www.usitc.gov
319,http://www.usma.edu
320,http://www.usmc.mil
321,http://www.uspto.gov
322,http://www.ussc.gov
323,http://www.ustaxcourt.gov
324,http://www.ustda.gov
325,http://www.ustr.gov
326,http://www.usuhs.mil
327,http://www.va.gov
328,http://www.va.gov/health
329,http://www.vef.gov
330,http://www.visitthecapitol.gov
331,http://www.voanews.com
332,http://www.whitehouse.gov
333,http://www.whitehouse.gov/ondcp
334,http://www.wilsoncenter.org
335,http://www2.ed.gov/about/offices/list/ope/index.html
336,https://about.usps.com/who-we-are/csac/welcome.htm
337,https://eca.state.gov/fulbright/about-fulbright/j-william-fulbright-foreign-scholarship-board-ffsb
338,https://innovation.ed.gov
339,https://minorityhealth.hhs.gov
340,https://ojp.gov
341,https://onrr.gov
342,https://postalinspectors.uspis.gov
343,https://studentaid.ed.gov/sa
344,https://travel.state.gov/content/travel/en/contact-us/passports.html
345,https://usun.state.gov
346,https://www.bia.gov
347,https://www.bjs.gov
348,https://www.blm.gov
349,https://www.boem.gov
350,https://www.bpa.gov
351,https://www.bsee.gov
352,https://www.cancer.gov
353,https://www.csosa.gov
354,https://www.defense.gov
355,https://www.doi.gov/iacb
356,https://www.dol.gov/agencies/ebsa
357,https://www.doleta.gov
358,https://www.energy.gov
359,https://www.energy.gov/em/office-environmental-management
360,https://www.energy.gov/fe/office-fossil-energy
361,https://www.energy.gov/national-laboratories
362,https://www.energy.gov/ne/office-nuclear-energy
363,https://www.energy.gov/nnsa/national-nuclear-security-administration
364,https://www.energy.gov/offices
365,https://www.energy.gov/sepa/southeastern-power-administration
366,https://www.exim.gov
367,https://www.fas.usda.gov
368,https://www.fcc.gov/wireless-telecommunications
369,https://www.fcg.gov
370,https://www.fcsic.gov
371,https://www.firescience.gov
372,https://www.fisheries.noaa.gov/topic/seafood-commerce-certification#seafood-inspection
373,https://www.gpo.gov
374,https://www.health.mil/dha
375,https://www.house.gov/the-house-explained/officers-and-organizations/inspector-general
376,https://www.ice.gov
377,https://www.inaugural.senate.gov
378,https://www.irs.gov/tax-professionals/enrolled-actuaries
379,https://www.nhlbi.nih.gov
380,https://www.niams.nih.gov
381,https://www.nigc.gov
382,https://www.nist.gov/pml/weights-and-measures
383,https://www.opic.gov
384,https://www.ornl.gov
385,https://www.pclob.gov
386,https://www.psa.gov
387,https://www.rd.usda.gov
388,https://www.rd.usda.gov/about-rd/agencies/rural-business-cooperative-service
389,https://www.rd.usda.gov/about-rd/agencies/rural-housing-service
390,https://www.rd.usda.gov/about-rd/agencies/rural-utilities-service
391,https://www.samhsa.gov
392,https://www.state.gov/e
393,https://www.transit.dot.gov
394,https://www.tsa.gov
395,https://www.usbr.gov
396,https://www.uscg.mil
397,https://www.uscp.gov
398,https://www.usmint.gov
399,https://www.usps.com
400,https://www.ustranscom.mil
401,https://www.va.gov/opa/vetsday/vdnc.asp
402,https://www.wapa.gov
403,https://www.whitehouse.gov/cea
404,https://www.whitehouse.gov/ceq
405,https://www.whitehouse.gov/omb
406,https://www.whitehouse.gov/ostp
407,https://www2.ed.gov/about/offices/list/oela/index.html?src=oc
408,https://www2.ed.gov/about/offices/list/ovae/index.html
